key,english,french
amount,AMOUNT,MONTANT
app_name,Park45 Meter,Park45 Compteur
cancel,Cancel,Annuler
back_home,Return to Home,Retour √† la maison
check_for_update,Check for update,V√©rifier les mises √† jour
checking_for_update,Checking for update,V√©rification des mises √† jour...
collect_card_payment,Collect card payment,Collecter le paiement par carte
collect_payment,Collect payment,Collecter le paiement
collect_payment_description,Collect a card payment using a physical Stripe test card and a card reader,Collecter un paiement par carte en utilisant une carte de test Stripe physique et un lecteur de carte
common_workflows,COMMON WORKFLOWS,WORKFLOWS COURANTS
connecting,Connecting...,Connexion...
currency,CURRENCY,DEVISE
current_version,CURRENT VERSION,VERSION ACTUELLE
default_amount_int,100,100
default_amount_string,$1.00,1,00 $
disconnect,Disconnect,D√©connecter
discovery,Discovery,D√©couverte
discover_readers,Discover Readers,D√©couvrir les lecteurs
discovery_method,DISCOVERY METHOD,M√âTHODE DE D√âCOUVERTE
done,Done,Termin√©
empty_reader,Empty Reader,Lecteur vide
event_log,EVENT LOG,JOURNAL D'√âV√âNEMENTS
install_explanation,Version %1$s available. The reader will become unresponsive until the update is complete. Estimated update time: %2$s.,Version %1$s disponible. Le lecteur deviendra non r√©actif jusqu'√† ce que la mise √† jour soit termin√©e. Temps de mise √† jour estim√© : %2$s.
install_update,Install update,Installer la mise √† jour
installation_in_progress,The reader will temporarily become unresponsive. Do not leave this page, and keep the reader in range and powered on until the update is complete.,Le lecteur deviendra temporairement non r√©actif. Ne quittez pas cette page et gardez le lecteur √† port√©e et sous tension jusqu'√† ce que la mise √† jour soit termin√©e.
nearby_readers,NEARBY READERS,LECTEURS √Ä PROXIMIT√â
no_reader,No reader connected,Aucun lecteur connect√©
no_update_available,No update available,Aucune mise √† jour disponible
reader,Reader,Lecteur
reader_connection,READER CONNECTION,CONNEXION DU LECTEUR
reader_description,%1$s %2$s,%1$s %2$s
save_card,Save card,Sauvegarder la carte
simulated,Simulated,Simul√©
simulation_explanation,The SDK comes with the ability to simulate behavior without using physical hardware. This makes it easy to quickly test your integration end-to-end, from connecting a reader to taking payments.,Le SDK permet de simuler le comportement sans utiliser de mat√©riel physique. Cela facilite les tests rapides de votre int√©gration de bout en bout, de la connexion d'un lecteur √† la prise de paiements.
terminal,Terminal,Terminal
testing,Testing,Test
update_complete,Update complete,Mise √† jour termin√©e
update_explanation,Check if a reader software update is available.,V√©rifier si une mise √† jour logicielle du lecteur est disponible.
update_in_progress,Update in progress,Mise √† jour en cours
update_progress,Update progress: %1$.1f%%,Progression de la mise √† jour : %1$.1f%%
update_reader,Update Reader,Mettre √† jour le lecteur
update_reader_software,Update reader software,Mettre √† jour le logiciel du lecteur
usd,USD,USD
skip_tipping,Skip Tipping,Passer le pourboire
tipping,TIPPING,POURBOIRE
skip_tipping_description,Must have on-reader tipping configured to have any effect.,Doit avoir le pourboire sur lecteur configur√© pour avoir un effet.
payment_method,PAYMENT METHOD OPTIONS,OPTIONS DE M√âTHODE DE PAIEMENT
request_extended_auth,Request extended auth,Demander une autorisation √©tendue
request_incremental_auth,Request incremental auth,Demander une autorisation incr√©mentale
offline,OFFLINE,HORS LIGNE
offline_behavior,Offline Configuration,Configuration hors ligne
offline_behavior_default,default,par d√©faut
offline_behavior_prefer_online,Prefer Online,Pr√©f√©rer en ligne
offline_behavior_require_online,Require Online,Exiger en ligne
offline_behavior_force_offline,Force Offline,Forcer hors ligne
a11y_terminal_offline,Terminal is offline,Le terminal est hors ligne
a11y_terminal_online,Terminal is online,Le terminal est en ligne
a11y_terminal_unknown,Terminal connection status is unknown,Le statut de connexion du terminal est inconnu
view_offline_logs,View stored offline payment logs,Afficher les journaux de paiement hors ligne stock√©s
offline_logs,Offline Logs,Journaux hors ligne
select_rate,Select Rate,S√©lectionner le tarif
back,Back,Retour
retry,Retry,R√©essayer
select,Select,S√©lectionner
rate_steps,Rate Steps,√âtapes de tarification
payment_details,Payment Details,D√©tails du paiement
discover_reader,Discover Reader,D√©couvrir le lecteur
change_reader,Change Reader,Changer de lecteur
ready_to_connect_reader,Ready to connect reader,Pr√™t √† connecter le lecteur
discovering_readers,Discovering readers...,D√©couverte des lecteurs...
reader_connected,Reader connected,Lecteur connect√©
no_reader_connected,No reader connected,Aucun lecteur connect√©
please_connect_reader,Please connect a reader first,Veuillez d'abord connecter un lecteur
initiating_payment,Initiating payment...,Initialisation du paiement...
connected,Connected,Connect√©
organization,Organization,Organisation
zone,Zone,Zone
vehicle,Vehicle,V√©hicule
rate,Rate,Tarif
duration,Duration,Dur√©e
total_amount,Total Amount,Montant total
settings,Settings,Param√®tres
organization_details,Organization Details,D√©tails de l'organisation
organization_label,Organization:,Organisation :
park_meter,Park Meter,Compteur de stationnement
zone_label,Zone:,Zone :
city_label,City:,Ville :
not_selected,Not Selected,Non s√©lectionn√©
change_zone,Change Zone,Changer de zone
enter_zone_pin,Enter Zone PIN,Entrer le code PIN de la zone
pin_subtitle,Please enter the 4-digit PIN to access zone settings,Veuillez entrer le code PIN √† 4 chiffres pour acc√©der aux param√®tres de la zone
incorrect_pin_message,Incorrect PIN. Please try again.,Code PIN incorrect. Veuillez r√©essayer.
verify,Verify,V√©rifier
language_flag_description,Language flag,Drapeau de langue
dropdown_arrow_description,Dropdown arrow,Fl√®che d√©roulante
english,English,Anglais
french,French,Fran√ßais
select_language,Select Language,S√©lectionner la langue
processing,Processing...,Traitement...
please_wait,Please wait...,Veuillez patienter...
connection_status,Connection Status,Statut de connexion
connecting_tap_to_pay,Connecting to Tap to Pay reader...,Connexion au lecteur Tap to Pay...
tap_to_pay_requirement,Please ensure your device supports Tap to Pay,Veuillez vous assurer que votre appareil prend en charge Tap to Pay
ready_for_payments,Ready for payments,Pr√™t pour les paiements
not_connected,Not Connected,Non connect√©
connection_controls,Connection Controls,Contr√¥les de connexion
restart_discovery,Restart Discovery,Red√©marrer la d√©couverte
debug_tools,Debug Tools,Outils de d√©bogage
view_logs,View Logs,Afficher les journaux
organization_name,Organization Name,Nom de l'organisation
zone_name,Zone Name,Nom de la zone
vehicle_number,Vehicle Number,Num√©ro de v√©hicule
rate_name,Rate Name,Nom du tarif
time_description,Time Description,Description du temps
connected_reader_name,Connected: Reader Name,Connect√© : Nom du lecteur
collect_payment_button,Collect Payment,Collecter le paiement
license_plate,License Plate,Plaque d'immatriculation
enter_license_plate_details,Enter License Plate Details,Entrer les d√©tails de la plaque d'immatriculation
license_plate_label,License Plate,Plaque d'immatriculation
license_plate_format,Format: Up to 8 characters. Uppercase letters and digits only (e.g., ABCD, 1234, AB12, FF1234),Format : Jusqu'√† 8 caract√®res. Lettres majuscules et chiffres uniquement (ex. : ABCD, 1234, AB12, FF1234)
next,Next,Suivant
enter_license_plate_hint,Enter license plate,Entrer la plaque d'immatriculation
payment_successful,Payment Successful!,Paiement r√©ussi !
email_receipt,Email Receipt,Re√ßu par email
email_receipt_description,Enter your email address to receive a receipt,Entrez votre adresse email pour recevoir un re√ßu
amount_paid,Amount Paid:,Montant pay√© :
transaction_id,Transaction ID:,ID de transaction :
email_address,Email Address,Adresse email
send_email_receipt,Send Email Receipt,Envoyer le re√ßu par email
enter_email_hint,Enter your email address,Entrez votre adresse email
sending,Sending...,Envoi...
timer_default,0,0
timer_default_60,60,60
log_viewer,üìã Log Viewer,üìã Visualiseur de journaux
home,üè† Home,üè† Accueil
search_icon,üîç,üîç
refresh,üîÑ Refresh,üîÑ Actualiser
filter_discovery,üîç Filter Discovery,üîç Filtrer la d√©couverte
clear,üóëÔ∏è Clear,üóëÔ∏è Effacer
search_logs_hint,Search logs...,Rechercher dans les journaux...
tips,üí° Tips:,üí° Conseils :
tip_filter_discovery,‚Ä¢ Use 'Filter Discovery' to see only discovery-related logs,‚Ä¢ Utilisez 'Filtrer la d√©couverte' pour voir uniquement les journaux li√©s √† la d√©couverte
tip_search_bar,‚Ä¢ Use search bar to find specific errors or terms,‚Ä¢ Utilisez la barre de recherche pour trouver des erreurs ou termes sp√©cifiques
tip_copy_text,‚Ä¢ Tap and hold to select/copy log text,‚Ä¢ Appuyez et maintenez pour s√©lectionner/copier le texte du journal
tip_refresh,‚Ä¢ Refresh to get latest logs after testing,‚Ä¢ Actualisez pour obtenir les derniers journaux apr√®s les tests
select_zone,Select Zone,S√©lectionner la zone
loading_zones,Loading zones...,Chargement des zones...
search_zones_hint,Search zones...,Rechercher des zones...
payment_timeout,Payment timeout,D√©lai d'attente du paiement
payment_captured_successfully,Payment captured successfully,Paiement captur√© avec succ√®s
capture_failed,Capture failed: %1$s,√âchec de la capture : %1$s
payment_cancelled,Payment cancelled,Paiement annul√©
please_select_zone_first,Please select a zone first,Veuillez d'abord s√©lectionner une zone
location_permissions_required,Location permissions are required for reader discovery,Les permissions de localisation sont requises pour la d√©couverte de lecteur
missing_required_data,Missing required data for availability check,Donn√©es requises manquantes pour la v√©rification de disponibilit√©
network_error_check_connection,Network error. Please check your connection.,Erreur r√©seau. Veuillez v√©rifier votre connexion.
please_enter_license_plate,Please enter a license plate number,Veuillez entrer un num√©ro de plaque d'immatriculation
invalid_license_plate_format,Invalid format. Use 1-8 uppercase letters and digits only.,Format invalide. Utilisez uniquement 1-8 lettres majuscules et chiffres.
failed_to_process_parking,Failed to process parking. Please try again.,√âchec du traitement du stationnement. Veuillez r√©essayer.
network_error_try_again,Network error. Please try again.,Erreur r√©seau. Veuillez r√©essayer.
please_enter_email,Please enter your email address,Veuillez entrer votre adresse email
please_enter_valid_email,Please enter a valid email address,Veuillez entrer une adresse email valide
parking_id_not_found,Parking ID not found,ID de stationnement non trouv√©
receipt_sent_successfully,Receipt sent successfully!,Re√ßu envoy√© avec succ√®s !
failed_to_send_receipt,Failed to send receipt. Please try again.,√âchec de l'envoi du re√ßu. Veuillez r√©essayer.
checking_availability,Checking Availability...,V√©rification de la disponibilit√©...
retry_payment,Retry Payment,R√©essayer le paiement
unknown_city,Unknown City,Ville inconnue
code_label,Code: %1$s,Code : %1$s
na,N/A,N/A
enter_license_plate_button,Enter License Plate,Entrer la plaque d'immatriculation
no_zone_selected,No Zone Selected,Aucune zone s√©lectionn√©e
park45_meter,Park45 Meter,Park45 Compteur
back_icon_description,Back,Retour
app_logo_description,App Logo,Logo de l'application
welcome_to,Welcome to,Bienvenue √†
payment_processing_system,Payment Processing System,Syst√®me de traitement des paiements
failed_to_load_zones,Failed to load zones,√âchec du chargement des zones
your_parking_session_will_end,Your parking session will end:,Votre session de stationnement se terminera :
service_fee,Service Fee:,Frais de service :
total,Total:,Total :
logs,üìã Logs,üìã Journaux
vehicle_label,Vehicle:,V√©hicule :
selected_zone,Selected Zone:,Zone s√©lectionn√©e :
log_viewer_header,=== Log Viewer ===,=== Visualiseur de journaux ===
timestamp_label,Timestamp:,Horodatage :
total_logs_label,Total logs:,Total des journaux :
showing_last_label,showing last,affichage des derniers
filter_label,Filter:,Filtre :
discovery_only,Discovery Only,D√©couverte uniquement
all_logs,All Logs,Tous les journaux
search_label,Search:,Recherche :
log_separator,==========================================,==========================================
settings_description,Settings,Param√®tres
lock_icon_description,Lock Icon,Ic√¥ne de verrouillage
zone_icon_description,Zone Icon,Ic√¥ne de zone
selected_description,Selected,S√©lectionn√©
no_rates_available,No rates available for this zone and vehicle number,Aucun tarif disponible pour cette zone et ce num√©ro de v√©hicule
failed_to_load_rates,Failed to load rates,√âchec du chargement des tarifs
authentication_failed,Authentication failed. Please check your credentials.,√âchec de l'authentification. Veuillez v√©rifier vos identifiants.
zone_or_vehicle_not_found,Zone or vehicle not found,Zone ou v√©hicule non trouv√©
server_error_try_later,Server error. Please try again later.,Erreur serveur. Veuillez r√©essayer plus tard.
no_rate_steps_available,No rate steps available for this rate,Aucune √©tape de tarification disponible pour ce tarif
failed_to_load_rate_steps,Failed to load rate steps,√âchec du chargement des √©tapes de tarification
rate_steps_not_found,Rate steps not found,√âtapes de tarification non trouv√©es
error_loading_logs,Error loading logs: %1$s,Erreur lors du chargement des journaux : %1$s
show_all,Show All,Afficher tout
filter_discovery_button,Filter Discovery,Filtrer la d√©couverte
zone_name_placeholder,Zone Name,Nom de la zone
city_name_placeholder,City Name,Nom de la ville
zone_code_placeholder,Zone Code,Code de zone
vehicle_number_placeholder,Vehicle Number,Num√©ro de v√©hicule
rate_name_placeholder,Rate Name,Nom du tarif
time_description_placeholder,Time Description,Description du temps
transaction_id_placeholder,TXN123456789,TXN123456789
failed_to_create_payment,Failed to create payment: %1$s,√âchec de la cr√©ation du paiement : %1$s
payment_confirmation_failed,Payment confirmation failed: %1$s,√âchec de la confirmation du paiement : %1$s
payment_collection_failed,Payment collection failed: %1$s,√âchec de la collecte du paiement : %1$s
scan_qr_code,SCAN QR CODE TO VIEW RECEIPT,SCANNEZ LE CODE QR POUR VOIR LE RE√áU
scan_to_view_receipt,Scan to view receipt,Scanner pour voir le re√ßu
btn_pay_desc,Click to pay,Cliquez pour payer